{"initial_reset_timestamp": 1651102051.595402, "timestamps": [1651102051.7690518], "episode_lengths": [34], "episode_rewards": [9.967], "episode_types": ["t"]}