{"initial_reset_timestamp": 1653008617.5026891, "timestamps": [1653008617.6652238], "episode_lengths": [34], "episode_rewards": [9.967], "episode_types": ["t"]}