{"initial_reset_timestamp": 1651102146.648268, "timestamps": [1651102146.813034], "episode_lengths": [34], "episode_rewards": [9.967], "episode_types": ["t"]}