{"initial_reset_timestamp": 1653008706.408103, "timestamps": [1653008706.578028], "episode_lengths": [34], "episode_rewards": [9.967], "episode_types": ["t"]}