{"initial_reset_timestamp": 1653008641.343843, "timestamps": [1653008641.510033], "episode_lengths": [34], "episode_rewards": [9.967], "episode_types": ["t"]}