{"initial_reset_timestamp": 1651102033.712481, "timestamps": [1651102033.887302], "episode_lengths": [34], "episode_rewards": [9.967], "episode_types": ["t"]}