{"initial_reset_timestamp": 1651102012.8457642, "timestamps": [1651102013.015237], "episode_lengths": [34], "episode_rewards": [9.967], "episode_types": ["t"]}