{"initial_reset_timestamp": 1651102049.9492989, "timestamps": [1651102050.114631], "episode_lengths": [34], "episode_rewards": [9.967], "episode_types": ["t"]}