{"initial_reset_timestamp": 1653008672.772219, "timestamps": [1653008672.934766], "episode_lengths": [34], "episode_rewards": [9.967], "episode_types": ["t"]}