{"initial_reset_timestamp": 1651102145.022586, "timestamps": [1651102145.188749], "episode_lengths": [34], "episode_rewards": [9.967], "episode_types": ["t"]}