{"initial_reset_timestamp": 1651102011.301352, "timestamps": [1651102011.46705], "episode_lengths": [34], "episode_rewards": [9.967], "episode_types": ["t"]}