{"initial_reset_timestamp": 1651102035.343381, "timestamps": [1651102035.509444], "episode_lengths": [34], "episode_rewards": [9.967], "episode_types": ["t"]}